year,race,driver,FP1_lap,grid_position,FP1_fastest_lap,FP1_best_gap
2024,bahrain,Ricciardo,23,14,92.869,0
2024,bahrain,Norris,24,7,93.18299999999999,0.314
2024,bahrain,Piastri,20,8,93.193,0.324
2024,bahrain,Tsunoda,25,11,93.251,0.382
2024,bahrain,Alonso,22,6,93.30199999999999,0.433
2024,bahrain,Verstappen,26,1,93.38499999999999,0.516
2024,bahrain,Leclerc,24,2,90.03,0.371
2024,bahrain,Hamilton,26,9,90.747,1.088
2024,bahrain,Bottas,25,16,91.04599999999999,1.387
2024,bahrain,Sainz,25,4,79.561,0.997
2024,bahrain,Perez,21,5,80.014,1.450
2024,bahrain,Albon,20,13,91.23,1.174
2024,bahrain,Stroll,17,12,92.055,1.999
2024,bahrain,Zhou,18,17,92.638,2.582
2024,bahrain,Sargeant,21,18,92.803,2.747
2024,bahrain,Ocon,24,19,96.69,0.388
2024,bahrain,Gasly,23,20,97.118,0.816
2024,bahrain,Magnussen,23,15,97.213,0.911
2024,bahrain,Hulkenberg,19,10,97.229,0.927
2024,saudi-arabia,Verstappen,25,1,97.238,0.936
2024,saudi-arabia,Alonso,24,4,97.53,1.228
2024,saudi-arabia,Perez,24,3,97.626,1.324
2024,saudi-arabia,Russell,27,7,98.006,1.704
2024,saudi-arabia,Leclerc,20,2,98.09,1.788
2024,saudi-arabia,Norris,19,6,98.28399999999999,1.982
2024,saudi-arabia,Hamilton,23,8,98.286,1.984
2024,saudi-arabia,Stroll,21,10,98.63,2.328
2024,saudi-arabia,Albon,21,11,98.806,2.504
2024,saudi-arabia,Bottas,24,15,98.839,2.537
2024,saudi-arabia,Ricciardo,22,13,98.936,2.634
2024,saudi-arabia,Ocon,21,16,99.27600000000001,2.974
2024,saudi-arabia,Piastri,24,5,88.7,0.105
2024,saudi-arabia,Tsunoda,24,9,88.711,0.116
2024,saudi-arabia,Gasly,26,17,88.78399999999999,0.189
2024,saudi-arabia,Zhou,25,19,88.81700000000001,0.222
2024,saudi-arabia,Hulkenberg,23,14,88.868,0.273
2024,saudi-arabia,Magnussen,24,12,89.012,0.417
2024,australia,Norris,25,3,89.056,0.461
2024,australia,Verstappen,23,1,89.163,0.568
2024,australia,Russell,27,7,89.175,0.580
2024,australia,Leclerc,27,4,89.178,0.583
2024,australia,Tsunoda,26,8,89.189,0.594
2024,australia,Perez,25,6,89.314,0.719
2024,australia,Stroll,24,9,89.393,0.798
2024,australia,Sainz,24,2,89.445,0.850
2024,australia,Hamilton,21,11,89.495,0.900
2024,australia,Piastri,23,5,89.636,1.041
2024,australia,Ricciardo,23,18,89.89099999999999,1.296
2024,australia,Albon,22,12,90.023,1.428
2024,australia,Magnussen,3,14,92.09899999999999,3.504
2024,australia,Hulkenberg,31,16,72.19800000000001,0.029
2024,australia,Gasly,35,17,72.295,0.126
2024,australia,Alonso,33,10,72.396,0.227
2024,australia,Zhou,33,19,72.397,0.228
2024,australia,Bottas,26,13,72.775,0.606
2024,japan,Verstappen,26,1,72.789,0.620
2024,japan,Perez,34,2,72.875,0.706
2024,japan,Sainz,36,4,72.901,0.732
2024,japan,Russell,35,9,72.95400000000001,0.785
2024,japan,Hamilton,29,7,72.984,0.815
2024,japan,Leclerc,29,8,73.229,1.060
2024,japan,Alonso,28,5,73.248,1.079
2024,japan,Piastri,33,6,73.39,1.221
2024,japan,Tsunoda,34,10,73.425,1.256
2024,japan,Norris,34,3,73.576,1.407
2024,japan,Ocon,36,14,74.15,1.981
2024,japan,Albon,33,13,74.159,1.990
2024,japan,Hulkenberg,30,11,74.57,2.401
2024,japan,Bottas,10,12,75.574,3.405
2024,japan,Gasly,22,16,93.196,0.438
2024,japan,Zhou,21,19,93.375,0.617
2024,japan,Magnussen,21,17,94.16499999999999,1.407
2024,japan,Sargeant,17,18,94.257,1.499
2024,china,Stroll,17,11,94.298,1.540
2024,china,Piastri,20,5,94.402,1.644
2024,china,Verstappen,18,1,94.575,1.817
2024,china,Perez,20,2,94.689,1.931
2024,china,Hulkenberg,13,9,94.917,2.159
2024,china,Magnussen,20,17,94.96600000000001,2.208
2024,china,Ocon,24,13,94.997,2.239
2024,china,Albon,20,14,95.015,2.257
2024,china,Ricciardo,22,12,95.043,2.285
2024,china,Bottas,20,10,95.10499999999999,2.347
2024,china,Zhou,25,16,95.402,2.644
2024,china,Tsunoda,22,19,95.455,2.697
2024,china,Leclerc,24,6,95.749,2.991
2024,china,Sainz,15,7,96.018,3.260
2024,china,Sargeant,21,20,96.072,3.314
2024,china,Russell,20,8,90.1,0.483
2024,china,Hamilton,22,18,90.315,0.698
2024,china,Alonso,20,3,90.577,0.960
2024,china,Gasly,26,15,90.771,1.154
2024,miami,Verstappen,26,1,90.787,1.170
2024,miami,Piastri,23,6,90.924,1.307
2024,miami,Sainz,24,3,90.949,1.332
2024,miami,Russell,23,7,91.03,1.413
2024,miami,Stroll,25,11,91.11,1.493
2024,miami,Perez,26,4,91.118,1.501
2024,miami,Hamilton,22,8,91.181,1.564
2024,miami,Tsunoda,29,10,91.45,1.833
2024,miami,Ocon,24,13,91.491,1.874
2024,miami,Gasly,22,12,91.55199999999999,1.935
2024,miami,Ricciardo,23,20,91.566,1.949
2024,miami,Magnussen,26,18,91.922,2.305
2024,miami,Hulkenberg,25,9,91.97,2.353
2024,miami,Albon,22,14,91.986,2.369
2024,miami,Zhou,21,19,92.149,2.532
2024,miami,Bottas,20,16,79.223,0.433
2024,miami,Sargeant,19,17,79.293,0.503
2024,miami,Alonso,23,15,79.31700000000001,0.527
2024,miami,Leclerc,16,2,79.378,0.588
2024,monaco,Hamilton,20,2,79.505,0.715
2024,monaco,Piastri,16,12,79.536,0.746
2024,monaco,Russell,22,10,79.646,0.856
2024,monaco,Norris,23,5,79.699,0.909
2024,monaco,Leclerc,19,1,79.76599999999999,0.976
2024,monaco,Alonso,21,3,79.76599999999999,0.976
2024,monaco,Stroll,22,7,79.777,0.987
2024,monaco,Tsunoda,19,11,79.806,1.016
2024,monaco,Ricciardo,25,16,79.93299999999999,1.143
2024,monaco,Sainz,21,6,80.074,1.284
2024,monaco,Verstappen,20,4,80.175,1.385
2024,monaco,Perez,14,8,80.399,1.609
2024,monaco,Bottas,21,19,80.419,1.629
2024,monaco,Magnussen,22,13,80.569,1.779
2024,monaco,Albon,17,9,81.14699999999999,2.357
2024,monaco,Sargeant,21,18,102.352,0.037
2024,monaco,Ocon,22,14,102.45400000000001,0.139
2024,monaco,Zhou,23,20,102.899,0.584
2024,monaco,Gasly,22,17,103.125,0.810
2023,bahrain,Perez,24,2,103.414,1.099
2023,bahrain,Alonso,23,5,103.455,1.140
2023,bahrain,Verstappen,20,1,103.56,1.245
2023,bahrain,Norris,25,11,103.628,1.313
2023,bahrain,Leclerc,23,3,103.74799999999999,1.433
2023,bahrain,Stroll,21,8,103.798,1.483
2023,bahrain,Magnussen,23,17,103.97999999999999,1.665
2023,bahrain,Zhou,23,13,104.00999999999999,1.695
2023,bahrain,Bottas,18,12,104.137,1.822
2023,bahrain,Hamilton,21,7,104.32300000000001,2.008
2023,bahrain,Russell,16,6,104.9,2.585
2023,bahrain,Piastri,20,18,105.082,2.767
2023,bahrain,Tsunoda,8,14,105.955,3.640
2023,bahrain,Hulkenberg,7,10,106.321,4.006
2023,bahrain,Ocon,8,9,107.49799999999999,5.183
2023,bahrain,Gasly,24,20,90.337,0.212
2023,bahrain,Sargeant,23,16,90.449,0.324
2023,bahrain,Albon,22,15,90.549,0.424
2023,bahrain,Sainz,23,4,90.724,0.599
2023,saudi-arabia,Verstappen,20,15,91.104,0.979
2023,saudi-arabia,Perez,24,1,91.231,1.106
2023,saudi-arabia,Alonso,24,2,91.337,1.212
2023,saudi-arabia,Stroll,14,5,91.392,1.267
2023,saudi-arabia,Russell,27,3,91.542,1.417
2023,saudi-arabia,Hamilton,22,7,91.566,1.441
2023,saudi-arabia,Sainz,24,4,91.81,1.685
2023,saudi-arabia,Gasly,25,9,91.85300000000001,1.728
2023,saudi-arabia,Albon,24,17,91.902,1.777
2023,saudi-arabia,Tsunoda,25,16,91.90299999999999,1.778
2023,saudi-arabia,Leclerc,23,12,91.997,1.872
2023,saudi-arabia,Ocon,22,6,92.134,2.009
2023,saudi-arabia,De Vries,28,18,92.169,2.044
2023,saudi-arabia,Piastri,27,8,92.619,2.494
2023,saudi-arabia,Hulkenberg,10,10,94.637,4.512
2023,saudi-arabia,Sargeant,28,20,73.71000000000001,0.338
2023,saudi-arabia,Bottas,27,14,74.035,0.663
2023,saudi-arabia,Zhou,27,11,74.038,0.666
2023,saudi-arabia,Norris,24,19,74.093,0.721
2023,australia,Verstappen,26,1,74.244,0.872
2023,australia,Hamilton,25,3,74.467,1.095
2023,australia,Alonso,29,4,74.58500000000001,1.213
2023,australia,Leclerc,28,7,74.653,1.281
2023,australia,Sainz,32,5,74.666,1.294
2023,australia,Norris,29,13,74.718,1.346
2023,australia,Gasly,29,9,74.725,1.353
2023,australia,Russell,29,2,74.82,1.448
2023,australia,Stroll,30,6,74.866,1.494
2023,australia,Albon,24,8,75.066,1.694
2023,australia,Piastri,33,16,75.083,1.711
2023,australia,Hulkenberg,32,10,75.19200000000001,1.820
2023,australia,De Vries,30,15,75.557,2.185
2023,australia,Sargeant,25,18,75.684,2.312
2023,australia,Ocon,17,11,75.785,2.413
2023,australia,Zhou,32,17,75.374,0.768
2023,australia,Magnussen,28,14,75.418,0.812
2023,azerbaijan,Verstappen,27,2,75.504,0.898
2023,azerbaijan,Leclerc,27,1,75.545,0.939
2023,azerbaijan,Perez,24,3,75.547,0.941
2023,azerbaijan,Sainz,22,4,75.689,1.083
2023,azerbaijan,Norris,28,7,75.694,1.088
2023,azerbaijan,De Vries,27,18,75.726,1.120
2023,azerbaijan,Stroll,32,9,75.753,1.147
2023,azerbaijan,Alonso,25,6,75.783,1.177
2023,azerbaijan,Albon,29,12,75.845,1.239
2023,azerbaijan,Zhou,24,15,75.906,1.300
2023,azerbaijan,Hamilton,27,5,75.91499999999999,1.309
2023,azerbaijan,Piastri,25,10,75.939,1.333
2023,azerbaijan,Bottas,24,13,75.978,1.372
2023,azerbaijan,Tsunoda,26,8,76.35300000000001,1.747
2023,azerbaijan,Hulkenberg,28,20,76.461,1.855
2023,azerbaijan,Sargeant,30,14,76.506,1.900
2023,azerbaijan,Russell,28,11,76.63,2.024
2023,azerbaijan,Gasly,3,17,79.175,0.447
2023,azerbaijan,Magnussen,3,16,79.807,1.079
2023,miami,Russell,3,6,80.154,1.426
2023,miami,Hamilton,3,13,80.231,1.503
2023,miami,Leclerc,3,7,81.496,2.768
2023,miami,Verstappen,3,9,84.045,5.317
2023,miami,Sainz,3,3,84.336,5.608
2023,miami,Gasly,3,5,84.961,6.233
2023,miami,Alonso,3,2,85.991,7.263
2023,miami,Stroll,3,18,86.809,8.081
2023,miami,Hulkenberg,3,12,92.274,13.546
2023,miami,Norris,14,16,99.154,0.359
2023,miami,Zhou,10,14,100.013,1.218
2023,miami,Tsunoda,13,17,100.277,1.482
2023,miami,Sargeant,8,20,100.687,1.892
2023,miami,De Vries,14,15,101.032,2.237
2023,monaco,Sainz,11,4,101.142,2.347
2023,monaco,Alonso,9,2,101.363,2.568
2023,monaco,Hamilton,15,5,101.416,2.621
2023,monaco,Perez,12,20,102.706,3.911
2023,monaco,Leclerc,14,6,102.906,4.111
2023,monaco,Verstappen,7,1,105.575,6.780
2023,monaco,Norris,10,10,107.40299999999999,8.608
2023,monaco,De Vries,4,12,123.792,0.585
2023,monaco,Piastri,4,11,124.484,1.277
2023,monaco,Sargeant,8,16,128.148,4.941
2023,monaco,Zhou,5,19,128.24,5.033
2023,monaco,Hulkenberg,5,18,128.394,5.187
2023,spain,Verstappen,8,1,129.067,5.860
2023,spain,Perez,7,11,129.22899999999998,6.022
2023,spain,Ocon,7,6,129.319,6.112
2023,spain,De Vries,8,14,130.042,6.835
2023,spain,Gasly,4,10,130.283,7.076
2023,spain,Alonso,7,8,130.299,7.092
2023,spain,Magnussen,7,17,130.475,7.268
2023,spain,Leclerc,9,19,132.085,8.878
2023,spain,Sainz,8,2,134.002,10.795
2023,spain,Bottas,22,16,72.13,0.278
2023,spain,Piastri,24,9,72.225,0.373
2023,spain,Hulkenberg,27,7,72.32300000000001,0.471
2023,spain,Sargeant,25,20,72.447,0.595
2023,spain,Albon,22,18,72.46000000000001,0.608
2023,canada,Bottas,30,11,72.617,0.765
2023,canada,Stroll,21,13,72.658,0.806
2023,canada,Alonso,21,2,72.749,0.897
2023,canada,Perez,29,9,72.80199999999999,0.950
2023,canada,Verstappen,23,1,72.813,0.961
2023,canada,Piastri,30,5,72.895,1.043
2023,canada,Magnussen,26,10,72.99,1.138
2023,canada,Hulkenberg,30,3,73.322,1.470
2023,canada,Zhou,30,17,73.44800000000001,1.596
2023,canada,Sainz,26,8,73.519,1.667
2023,canada,Leclerc,20,7,73.826,1.974
2023,canada,De Vries,13,14,74.023,2.171
2023,canada,Tsunoda,25,16,74.803,2.951
2023,canada,Albon,24,6,93.428,0.078
2023,canada,Sargeant,22,15,93.476,0.126
2023,hungary,Russell,24,18,93.52199999999999,0.172
2023,hungary,Piastri,21,4,93.53999999999999,0.190
2023,hungary,Stroll,25,14,93.695,0.345
2023,hungary,Norris,22,3,93.725,0.375
2023,hungary,Alonso,28,8,93.97399999999999,0.624
2023,hungary,Bottas,25,7,94.042,0.692
2023,hungary,Leclerc,24,6,94.066,0.716
2023,hungary,Zhou,25,5,94.568,1.218
2023,hungary,Sargeant,23,20,94.63900000000001,1.289
2023,hungary,Hulkenberg,19,10,94.657,1.307
2023,hungary,Magnussen,25,19,94.80199999999999,1.452
2023,hungary,Tsunoda,23,17,94.887,1.537
2023,hungary,Albon,27,16,94.894,1.544
2023,hungary,Ricciardo,22,13,94.985,1.635
2023,hungary,Sainz,25,11,95.456,2.106
2023,hungary,Perez,22,9,95.47399999999999,2.124
2023,hungary,Ocon,24,12,95.77799999999999,2.428
2023,hungary,Verstappen,24,2,92.273,0.626
2023,hungary,Hamilton,24,1,92.392,0.745
2023,belgium,Sainz,25,4,92.574,0.927
2023,belgium,Piastri,21,5,92.59700000000001,0.950
2023,belgium,Norris,23,7,92.65,1.003
2023,belgium,Leclerc,26,1,92.713,1.066
2023,belgium,Perez,24,2,92.991,1.344
2023,belgium,Albon,28,15,93.005,1.358
2023,belgium,Tsunoda,17,11,93.03999999999999,1.393
2023,belgium,Magnussen,25,16,93.043,1.396
2023,belgium,Ricciardo,23,19,93.12899999999999,1.482
2023,belgium,Hulkenberg,24,20,93.31,1.663
2023,belgium,Alonso,24,9,93.44800000000001,1.801
2023,belgium,Hamilton,22,3,93.51599999999999,1.869
2023,belgium,Russell,22,8,93.699,2.052
2023,belgium,Bottas,24,13,93.86,2.213
2023,belgium,Zhou,23,17,93.975,2.328
2023,belgium,Sargeant,27,18,94.212,2.565
2023,belgium,Stroll,23,10,94.831,3.184
2023,belgium,Ocon,27,14,87.762,0.334
2023,belgium,Verstappen,27,6,87.90899999999999,0.481
2023,netherlands,Verstappen,28,1,87.919,0.491
2023,netherlands,Alonso,24,5,88.01599999999999,0.588
2023,netherlands,Hamilton,28,12,88.027,0.599
2023,netherlands,Perez,22,6,88.17099999999999,0.743
2023,netherlands,Albon,28,4,88.336,0.908
2023,netherlands,Norris,20,2,88.38,0.952
2023,netherlands,Sargeant,24,9,88.441,1.013
2023,netherlands,Piastri,25,7,88.55,1.122
2023,netherlands,Tsunoda,26,16,88.59,1.162
2023,netherlands,Ocon,26,15,88.679,1.251
2023,netherlands,Russell,28,3,88.69,1.262
2023,netherlands,Gasly,25,11,88.732,1.304
2023,netherlands,Bottas,23,17,88.821,1.393
2023,netherlands,Leclerc,27,8,89.041,1.613
2023,netherlands,Zhou,29,14,89.106,1.678
2023,netherlands,Hulkenberg,29,13,89.238,1.810
2023,netherlands,Stroll,26,10,89.502,2.074
2023,singapore,Sainz,25,1,96.068,0.156
2023,singapore,Verstappen,23,11,96.193,0.281
2023,singapore,Norris,23,4,96.212,0.300
2023,singapore,Hamilton,21,5,96.47200000000001,0.560
2023,singapore,Russell,25,2,96.47399999999999,0.562
2023,singapore,Perez,21,13,96.49199999999999,0.580
2023,singapore,Alonso,24,7,96.533,0.621
2023,singapore,Tsunoda,21,15,96.702,0.790
2023,singapore,Ocon,22,8,96.705,0.793
2023,singapore,Gasly,26,12,96.987,1.075
2023,singapore,Albon,22,14,97.066,1.154
2023,singapore,Bottas,25,16,97.104,1.192
2023,singapore,Magnussen,24,6,97.152,1.240
2023,singapore,Lawson,21,10,97.256,1.344
2023,singapore,Hulkenberg,25,9,97.418,1.506
2023,singapore,Zhou,24,19,97.517,1.605
2023,singapore,Piastri,19,17,97.84,1.928
2023,singapore,Sargeant,22,18,98.42,2.508
2023,japan,Verstappen,5,1,99.94,4.028
2023,japan,Norris,31,3,79.813,0.095
2023,japan,Leclerc,28,4,80.015,0.297
2023,japan,Tsunoda,30,9,80.237,0.519
2023,japan,Alonso,30,10,80.297,0.579
2023,japan,Piastri,32,2,80.463,0.745
2023,japan,Albon,23,13,80.479,0.761
2023,japan,Lawson,30,11,80.568,0.850
2023,japan,Stroll,26,17,80.67699999999999,0.959
2023,japan,Perez,26,5,80.687,0.969
2023,japan,Gasly,25,12,80.724,1.006
2023,japan,Russell,29,8,80.968,1.250
2023,japan,Hulkenberg,27,18,81.129,1.411
2023,japan,Ocon,30,14,81.157,1.439
2023,japan,Hamilton,31,7,81.313,1.595
2023,japan,Bottas,17,16,81.34700000000001,1.629
2023,japan,Magnussen,25,15,81.941,2.223
2023,japan,Sargeant,25,20,82.10900000000001,2.391
2023,japan,Zhou,26,19,82.937,3.219
2023,qatar,Leclerc,4,5,103.446,2.537
2023,qatar,Alonso,4,4,104.261,3.352
2023,qatar,Perez,4,20,104.39699999999999,3.488
2023,qatar,Tsunoda,5,11,105.36500000000001,4.456
2023,qatar,Hulkenberg,4,14,105.497,4.588
2023,qatar,Russell,4,2,105.824,4.915
2023,qatar,Piastri,5,6,105.908,4.999
2023,qatar,Norris,4,10,106.793,5.884
2023,qatar,Sargeant,5,15,107.14699999999999,6.238
2023,qatar,Albon,5,13,108.253,7.344
2023,qatar,Hamilton,4,3,108.513,7.604
2023,qatar,Stroll,4,16,108.65,7.741
2023,qatar,Ocon,5,8,108.822,7.913
2023,qatar,Gasly,3,7,108.947,8.038
2023,united-states,Leclerc,26,1,86.36,0.288
2023,united-states,Hamilton,26,3,86.43299999999999,0.361
2023,united-states,Perez,21,9,86.453,0.381
2023,united-states,Magnussen,21,17,86.631,0.559
2023,united-states,Russell,25,5,86.66499999999999,0.593
2023,united-states,Albon,24,15,86.676,0.604
2023,united-states,Sainz,25,4,86.703,0.631
2023,united-states,Hulkenberg,26,18,86.72,0.648
2023,united-states,Gasly,27,7,86.725,0.653
2023,united-states,Sargeant,27,16,86.742,0.670
2023,united-states,Ocon,27,8,86.815,0.743
2023,united-states,Tsunoda,23,11,86.865,0.793
2023,united-states,Ricciardo,20,14,87.093,1.021
2023,united-states,Norris,23,2,87.114,1.042
2023,united-states,Zhou,24,12,87.208,1.136
2023,united-states,Bottas,20,13,87.244,1.172
2023,united-states,Alonso,28,19,87.46000000000001,1.388
2023,united-states,Piastri,26,10,87.462,1.390
2023,united-states,Stroll,24,20,87.569,1.497
2023,mexico,Albon,22,11,94.557,0.364
2023,mexico,Perez,23,5,94.61099999999999,0.418
2023,mexico,Norris,23,13,94.62899999999999,0.436
2023,mexico,Leclerc,22,1,94.74199999999999,0.549
2023,mexico,Piastri,22,7,94.814,0.621
2023,mexico,Sainz,17,2,94.943,0.750
2023,mexico,Ricciardo,14,4,95.0,0.807
2023,mexico,Ocon,20,12,95.02799999999999,0.835
2023,mexico,Stroll,23,15,95.05,0.857
2023,mexico,Hamilton,20,6,95.053,0.860
2023,mexico,Hulkenberg,15,9,95.15100000000001,0.958
2023,mexico,Zhou,15,8,95.644,1.451
2023,mexico,Sargeant,23,14,95.815,1.622
2023,mexico,Alonso,17,10,95.923,1.730
2023,las-vegas,Leclerc,22,1,96.304,2.111
2023,las-vegas,Hulkenberg,20,12,96.402,2.209
2023,las-vegas,Magnussen,23,7,96.536,2.343
2023,las-vegas,Verstappen,21,2,96.804,2.611
2023,las-vegas,Sainz,24,11,90.888,0.116
2023,las-vegas,Tsunoda,22,19,91.084,0.312
2023,las-vegas,Perez,14,10,91.139,0.367
2023,las-vegas,Bottas,28,6,91.31700000000001,0.545
2023,las-vegas,Gasly,26,4,91.505,0.733
2023,las-vegas,Hamilton,25,9,91.563,0.791
2023,las-vegas,Ricciardo,26,13,92.02600000000001,1.254
2023,las-vegas,Zhou,20,16,92.364,1.592
2023,las-vegas,Norris,23,14,92.381,1.609
2023,las-vegas,Stroll,24,18,92.506,1.734
2023,las-vegas,Piastri,23,17,92.582,1.810
2023,las-vegas,Albon,24,5,92.594,1.822
2023,las-vegas,Alonso,26,8,92.608,1.836
2023,abu-dhabi,Russell,19,2,92.839,2.067
2023,abu-dhabi,Ricciardo,23,6,93.03399999999999,2.262
2023,abu-dhabi,Bottas,25,9,93.087,2.315
2023,abu-dhabi,Stroll,26,5,93.529,2.757
2023,abu-dhabi,Piastri,22,1,94.429,3.657
2023,abu-dhabi,Tsunoda,21,3,80.377,0.571
2023,abu-dhabi,Sargeant,20,10,80.399,0.593
2023,abu-dhabi,Magnussen,22,8,80.626,0.820
2022,bahrain,Gasly,22,10,80.878,1.072
2022,bahrain,Leclerc,27,1,81.004,1.198
2022,bahrain,Sainz,26,3,81.027,1.221
2022,bahrain,Russell,23,9,81.155,1.349
2022,bahrain,Verstappen,21,2,81.229,1.423
2022,bahrain,Stroll,23,19,81.247,1.441
2022,bahrain,Hamilton,26,5,81.289,1.483
2022,bahrain,Alonso,26,8,81.457,1.651
2022,bahrain,Tsunoda,18,16,81.661,1.855
2022,bahrain,Perez,26,4,81.701,1.895
2022,bahrain,Zhou,21,15,81.821,2.015
2022,bahrain,Ocon,24,11,81.869,2.063
2022,bahrain,Latifi,25,20,82.754,2.948
2022,bahrain,Hulkenberg,18,17,83.186,3.380
2022,bahrain,Albon,25,14,83.924,4.118
2022,bahrain,Norris,15,13,84.349,4.543
2022,bahrain,Schumacher,23,12,91.169,0.071
2022,bahrain,Magnussen,14,7,91.277,0.179
2022,bahrain,Bottas,22,6,91.301,0.203
2022,saudi-arabia,Leclerc,27,2,91.498,0.400
2022,saudi-arabia,Verstappen,25,4,91.52799999999999,0.430
2022,saudi-arabia,Bottas,20,8,91.854,0.756
2022,saudi-arabia,Sainz,23,3,91.956,0.858
2022,saudi-arabia,Gasly,20,9,92.559,1.461
2022,saudi-arabia,Tsunoda,21,19,92.592,1.494
2022,saudi-arabia,Perez,26,1,92.61500000000001,1.517
2022,saudi-arabia,Ocon,31,5,92.884,1.786
2022,saudi-arabia,Hamilton,23,15,93.02000000000001,1.922
2022,saudi-arabia,Alonso,24,7,93.024,1.926
2022,saudi-arabia,Ricciardo,27,14,93.417,2.319
2022,saudi-arabia,Stroll,23,13,93.576,2.478
2022,saudi-arabia,Norris,13,11,93.773,2.675
2022,saudi-arabia,Zhou,27,12,94.043,2.945
2022,saudi-arabia,Russell,20,6,94.945,3.847
2022,saudi-arabia,Hulkenberg,27,17,95.637,4.539
2022,saudi-arabia,Latifi,27,18,79.907,0.079
2022,saudi-arabia,Magnussen,28,10,80.164,0.336
2022,australia,Sainz,28,9,80.59,0.762
2022,australia,Leclerc,24,1,80.768,0.940
2022,australia,Perez,27,3,80.811,0.983
2022,australia,Verstappen,24,2,81.279,1.451
2022,australia,Norris,23,4,81.422,1.594
2022,australia,Ocon,23,8,81.737,1.909
2022,australia,Hamilton,28,5,81.814,1.986
2022,australia,Ricciardo,26,7,81.89099999999999,2.063
2022,australia,Alonso,23,10,81.92,2.092
2022,australia,Bottas,20,12,81.975,2.147
2022,australia,Tsunoda,16,13,82.089,2.261
2022,australia,Russell,21,6,82.146,2.318
2022,australia,Vettel,20,17,82.164,2.336
2022,australia,Gasly,25,11,82.614,2.786
2022,australia,Zhou,28,14,82.92,3.092
2022,australia,Stroll,27,19,83.011,3.183
2022,australia,Albon,23,20,84.138,4.310
2022,australia,Latifi,30,18,74.57,0.039
2022,australia,Schumacher,28,15,74.601,0.070
2022,miami,Leclerc,26,1,74.712,0.181
2022,miami,Russell,31,12,75.056,0.525
2022,miami,Verstappen,33,3,75.083,0.552
2022,miami,Perez,33,4,75.157,0.626
2022,miami,Gasly,34,7,75.211,0.680
2022,miami,Sainz,33,2,75.387,0.856
2022,miami,Albon,29,18,75.499,0.968
2022,miami,Hamilton,36,6,75.536,1.005
2022,miami,Magnussen,26,16,75.539,1.008
2022,miami,Ricciardo,28,14,75.749,1.218
2022,miami,Norris,30,8,75.806,1.275
2022,miami,Alonso,39,11,76.11,1.579
2022,miami,Zhou,24,17,76.315,1.784
2022,miami,Vettel,27,13,76.417,1.886
2022,miami,Ocon,30,20,77.714,3.183
2022,miami,Stroll,12,10,78.636,4.105
2022,miami,Schumacher,21,15,105.60300000000001,0.127
2022,miami,Latifi,25,19,105.81,0.334
2022,spain,Leclerc,22,1,106.012,0.536
2022,spain,Sainz,22,3,106.571,1.095
2022,spain,Verstappen,21,2,106.667,1.191
2022,spain,Russell,25,4,106.696,1.220
2022,spain,Alonso,24,17,106.705,1.229
2022,spain,Hamilton,25,5,106.83,1.354
2022,spain,Norris,21,10,106.917,1.441
2022,spain,Gasly,19,13,107.691,2.215
2022,spain,Ricciardo,24,8,107.84700000000001,2.371
2022,spain,Tsunoda,24,12,107.946,2.470
2022,spain,Ocon,22,11,107.97,2.494
2022,spain,Stroll,22,15,108.078,2.602
2022,spain,Magnussen,24,7,108.22200000000001,2.746
2022,spain,Schumacher,22,9,108.419,2.943
2022,spain,Vettel,22,14,108.81,3.334
2022,spain,Bottas,7,6,110.92099999999999,5.445
2022,spain,Latifi,3,16,118.332,12.856
2022,monaco,Perez,34,3,75.404,0.246
2022,monaco,Sainz,31,2,75.531,0.373
2022,monaco,Verstappen,32,4,75.619,0.461
2022,monaco,Norris,30,5,75.666,0.508
2022,monaco,Gasly,29,17,75.822,0.664
2022,monaco,Ricciardo,32,14,75.877,0.719
2022,monaco,Russell,27,6,75.877,0.719
2022,monaco,Vettel,33,9,76.041,0.883
2022,monaco,Hamilton,29,8,76.083,0.925
2022,monaco,Tsunoda,29,11,76.16499999999999,1.007
2022,monaco,Stroll,17,18,76.211,1.053
2022,monaco,Alonso,29,7,76.30799999999999,1.150
2022,monaco,Magnussen,33,13,76.322,1.164
2022,monaco,Albon,26,16,76.42099999999999,1.263
2022,monaco,Ocon,27,10,76.426,1.268
2022,monaco,Zhou,30,20,77.152,1.994
2022,monaco,Latifi,25,19,77.223,2.065
2022,monaco,Schumacher,33,15,77.241,2.083
2022,monaco,Bottas,31,12,77.555,2.397
2022,azerbaijan,Leclerc,19,1,94.021,0.091
2022,azerbaijan,Verstappen,21,3,94.268,0.338
2022,azerbaijan,Sainz,25,4,94.881,0.951
2022,azerbaijan,Alonso,21,10,94.979,1.049
2022,azerbaijan,Hamilton,21,7,95.174,1.244
2022,azerbaijan,Tsunoda,21,8,95.232,1.302
2022,azerbaijan,Russell,24,5,95.414,1.484
2022,azerbaijan,Gasly,23,6,95.426,1.496
2022,azerbaijan,Ocon,21,13,95.66,1.730
2022,azerbaijan,Norris,21,11,95.676,1.746
2022,azerbaijan,Stroll,19,19,95.81,1.880
2022,azerbaijan,Magnussen,21,16,95.828,1.898
2022,azerbaijan,Vettel,24,9,95.851,1.921
2022,azerbaijan,Bottas,22,15,95.875,1.945
2022,azerbaijan,Zhou,19,14,96.02199999999999,2.092
2022,azerbaijan,Albon,22,17,96.104,2.174
2022,azerbaijan,Ricciardo,26,12,96.12700000000001,2.197
2022,azerbaijan,Latifi,19,18,96.332,2.402
2022,azerbaijan,Schumacher,23,20,97.043,3.113
2022,canada,Sainz,24,3,78.88,0.130
2022,canada,Alonso,26,2,79.039,0.289
2022,canada,Perez,21,13,79.299,0.549
2022,canada,Leclerc,28,19,79.606,0.856
2022,canada,Russell,24,8,79.622,0.872
2022,canada,Stroll,25,17,79.71000000000001,0.960
2022,canada,Hamilton,28,4,79.84100000000001,1.091
2022,canada,Vettel,30,16,80.348,1.598
2022,canada,Ricciardo,27,9,80.377,1.627
2022,canada,Gasly,26,15,80.383,1.633
2022,canada,Norris,25,14,80.414,1.664
2022,canada,Albon,28,12,80.456,1.706
2022,canada,Tsunoda,27,20,80.695,1.945
2022,canada,Ocon,23,7,80.81,2.060
2022,canada,Bottas,28,11,80.834,2.084
2022,canada,Zhou,24,10,80.92099999999999,2.171
2022,canada,Schumacher,25,6,81.027,2.277
2022,canada,Latifi,20,18,81.179,2.429
2022,canada,Magnussen,27,5,81.413,2.663
2022,france,Verstappen,16,2,106.607,0.069
2022,france,Sainz,10,17,106.755,0.217
2022,france,Russell,13,5,107.396,0.858
2022,france,Gasly,13,12,107.437,0.899
2022,france,Perez,15,3,107.83500000000001,1.297
2022,france,Norris,14,4,108.081,1.543
2022,france,Albon,17,11,108.31,1.772
2022,france,Ricciardo,10,8,108.42,1.882
2022,france,Zhou,13,14,108.47399999999999,1.936
2022,france,Stroll,13,13,108.485,1.947
2022,france,Ocon,16,9,108.672,2.134
2022,france,Vettel,15,10,109.47,2.932
2022,france,Alonso,17,6,109.664,3.126
2022,france,Schumacher,12,15,109.813,3.275
2022,france,Magnussen,5,18,110.315,3.777
2022,france,Tsunoda,9,7,110.982,4.444
2022,france,Latifi,15,16,111.259,4.721
2022,hungary,Sainz,14,2,112.065,5.527
2022,hungary,Norris,28,4,72.695,0.240
2022,hungary,Russell,30,1,72.845,0.390
2022,hungary,Perez,32,10,72.929,0.474
2022,hungary,Hamilton,31,7,73.077,0.622
2022,hungary,Ricciardo,30,8,73.127,0.672
2022,hungary,Ocon,30,5,73.416,0.961
2022,hungary,Alonso,31,6,73.633,1.178
2022,hungary,Vettel,33,17,73.963,1.508
2022,hungary,Stroll,29,13,74.063,1.608
2022,hungary,Gasly,29,19,74.163,1.708
2022,hungary,Tsunoda,30,15,74.257,1.802
2022,hungary,Zhou,31,11,74.405,1.950
2022,hungary,Albon,28,16,74.474,2.019
2022,hungary,Magnussen,28,12,74.5,2.045
2022,hungary,Schumacher,18,14,74.534,2.079
2022,hungary,Latifi,31,18,74.63,2.175
2022,belgium,Sainz,22,1,74.695,2.240
2022,belgium,Leclerc,7,14,74.714,2.259
2022,belgium,Verstappen,33,13,75.122,2.667
2022,belgium,Stroll,20,8,103.11699999999999,0.084
2022,belgium,Albon,17,6,103.435,0.402
2022,belgium,Ricciardo,15,7,103.839,0.806
2022,belgium,Tsunoda,21,19,104.066,1.033
2022,belgium,Hamilton,24,4,104.138,1.105
2022,belgium,Perez,24,2,104.73599999999999,1.703
2022,belgium,Latifi,12,10,105.221,2.188
2022,belgium,Zhou,24,17,105.25800000000001,2.225
2022,belgium,Norris,11,16,105.336,2.303
2022,belgium,Alonso,22,3,105.354,2.321
2022,belgium,Vettel,21,9,105.72399999999999,2.691
2022,belgium,Ocon,24,15,105.725,2.692
2022,belgium,Magnussen,22,11,106.02799999999999,2.995
2022,belgium,Schumacher,26,18,106.081,3.048
2022,belgium,Bottas,20,12,106.119,3.086
2022,netherlands,Russell,25,6,106.408,3.375
2022,netherlands,Hamilton,23,4,106.601,3.568
2022,netherlands,Sainz,22,3,106.68,3.647
2022,netherlands,Norris,18,7,107.092,4.059
2022,netherlands,Leclerc,15,2,102.563,0.315
2022,netherlands,Perez,16,5,102.634,0.386
2022,netherlands,Alonso,5,13,103.02199999999999,0.774
2022,netherlands,Ocon,15,12,103.25800000000001,1.010
2022,netherlands,Albon,4,15,103.362,1.114
2022,netherlands,Schumacher,13,8,103.761,1.513
2022,netherlands,Stroll,7,10,103.88900000000001,1.641
2022,netherlands,Magnussen,13,18,103.969,1.721
2022,netherlands,Gasly,4,11,104.23400000000001,1.986
2022,netherlands,Vettel,15,19,104.429,2.181
2022,netherlands,Zhou,8,14,104.48599999999999,2.238
2022,netherlands,Tsunoda,6,9,104.55799999999999,2.310
2022,netherlands,Bottas,10,16,104.57,2.322
2022,netherlands,Verstappen,9,1,104.791,2.543
2022,netherlands,Latifi,12,20,104.878,2.630
2022,singapore,Hamilton,11,3,105.424,3.176
2022,singapore,Verstappen,4,8,106.10300000000001,3.855
2022,singapore,Leclerc,16,1,106.19200000000001,3.944
2022,singapore,Perez,8,2,108.09,5.842
2022,singapore,Sainz,15,4,97.081,0.224
2022,singapore,Ocon,20,17,97.332,0.475
2022,singapore,Stroll,23,11,97.46000000000001,0.603
2022,singapore,Gasly,19,7,97.515,0.658
2022,singapore,Alonso,25,5,97.713,0.856
2022,singapore,Vettel,23,13,97.80199999999999,0.945
2022,singapore,Ricciardo,24,16,97.81,0.953
2022,singapore,Bottas,23,15,97.856,0.999
2022,singapore,Magnussen,25,9,98.041,1.184
2022,singapore,Tsunoda,24,10,98.102,1.245
2022,singapore,Albon,21,18,98.27600000000001,1.419
2022,singapore,Zhou,21,14,98.422,1.565
2022,singapore,Schumacher,23,12,98.898,2.041
2022,singapore,Norris,20,6,98.922,2.065
2022,singapore,Latifi,21,19,98.951,2.094
2022,japan,Alonso,21,7,99.911,3.054
2022,japan,Sainz,19,3,100.175,3.318
2022,japan,Leclerc,23,2,100.325,3.468
2022,japan,Ocon,4,5,103.063,6.206
2022,japan,Verstappen,20,1,80.753,0.046
2022,japan,Schumacher,22,15,80.827,0.120
2022,japan,Norris,22,10,80.827,0.120
2022,japan,Bottas,17,12,80.849,0.142
2022,japan,Perez,26,4,80.899,0.192
2022,japan,Zhou,23,14,81.083,0.376
2022,japan,Ricciardo,21,11,81.12,0.413
2022,japan,Hamilton,25,6,81.31,0.603
2022,japan,Stroll,24,18,81.525,0.818
2022,japan,Albon,16,16,81.762,1.055
2022,japan,Latifi,20,19,81.82,1.113
2022,japan,Russell,24,8,81.865,1.158
2022,japan,Tsunoda,22,13,81.952,1.245
2022,japan,Vettel,20,9,82.912,2.205
2022,united-states,Sainz,19,1,83.861,3.154
2022,united-states,Verstappen,22,2,84.246,3.539
2022,united-states,Hamilton,20,3,84.582,3.875
2022,united-states,Stroll,13,5,84.615,3.908
2022,united-states,Perez,9,8,86.76599999999999,6.059
2022,united-states,Russell,30,4,86.85300000000001,0.220
2022,united-states,Gasly,22,10,86.888,0.255
2022,united-states,Norris,23,6,86.967,0.334
2022,united-states,Vettel,22,9,87.201,0.568
2022,united-states,Ocon,20,15,87.268,0.635
2022,united-states,Zhou,24,13,87.429,0.796
2022,united-states,Albon,21,7,87.619,0.986
2022,united-states,Tsunoda,23,14,87.655,1.022
2022,united-states,Schumacher,26,12,87.84,1.207
2022,mexico,Sainz,28,4,87.845,1.212
2022,mexico,Leclerc,27,6,87.89099999999999,1.258
2022,mexico,Perez,28,3,87.991,1.358
2022,mexico,Verstappen,22,1,88.064,1.431
2022,mexico,Hamilton,23,2,88.098,1.465
2022,mexico,Alonso,20,8,88.142,1.509
2022,mexico,Bottas,26,5,88.20400000000001,1.571
2022,mexico,Norris,22,7,88.35,1.717
2022,mexico,Gasly,25,11,88.48400000000001,1.851
2022,mexico,Vettel,23,13,88.672,2.039
2022,mexico,Zhou,17,10,91.69200000000001,0.298
2022,mexico,Stroll,20,15,91.89699999999999,0.503
2022,mexico,Schumacher,15,12,91.92099999999999,0.527
2022,mexico,Latifi,14,14,91.993,0.599
2022,abu-dhabi,Hamilton,15,3,92.071,0.677
2022,abu-dhabi,Russell,23,4,92.195,0.801
2022,abu-dhabi,Leclerc,15,2,92.366,0.972
2022,abu-dhabi,Perez,20,1,92.434,1.040
2022,abu-dhabi,Vettel,16,6,92.786,1.392
2022,abu-dhabi,Ricciardo,18,8,93.134,1.740
2022,abu-dhabi,Bottas,21,11,93.157,1.763
2022,abu-dhabi,Albon,20,12,93.233,1.839
2022,abu-dhabi,Gasly,21,10,93.32900000000001,1.935
2022,abu-dhabi,Ocon,20,5,93.52799999999999,2.134
2022,abu-dhabi,Tsunoda,18,7,93.872,2.478
2022,abu-dhabi,Magnussen,22,9,94.12700000000001,2.733
2021,bahrain,Verstappen,22,1,94.34,2.946
2021,bahrain,Bottas,16,3,94.501,3.107
2021,bahrain,Norris,16,7,94.975,3.581
2021,bahrain,Leclerc,23,4,79.673,0.025
2021,bahrain,Perez,22,11,79.846,0.198
2021,bahrain,Gasly,27,5,79.884,0.236
2021,bahrain,Sainz,32,8,79.967,0.319
2021,bahrain,Ricciardo,31,6,80.444,0.796
2021,bahrain,Giovinazzi,29,12,80.529,0.881
2021,bahrain,RÃ¤ikkÃ¶nen,26,14,80.635,0.987
2021,bahrain,Vettel,27,20,80.68,1.032
2021,bahrain,Stroll,27,10,80.8,1.152
2021,bahrain,Tsunoda,29,13,80.894,1.246
2021,bahrain,Ocon,31,16,80.995,1.347
2021,bahrain,Alonso,28,9,81.09,1.442
2021,bahrain,Russell,31,15,81.303,1.655
2021,bahrain,Latifi,25,17,81.381,1.733
2021,bahrain,Schumacher,31,18,81.405,1.757
2021,bahrain,Mazepin,21,19,81.806,2.158
2021,portugal,Bottas,29,1,81.939,2.291
2021,portugal,Verstappen,29,3,82.293,2.645
2021,portugal,Perez,29,4,84.224,4.576
2021,portugal,Hamilton,19,2,78.537,0.033
2021,portugal,Gasly,22,9,78.627,0.123
2021,portugal,Russell,24,11,78.944,0.440
2021,portugal,Norris,25,7,78.996,0.492
2021,portugal,Sainz,22,5,79.02,0.516
2021,portugal,Ocon,26,6,79.062,0.558
2021,portugal,Stroll,24,16,79.23400000000001,0.730
2021,portugal,Ricciardo,17,15,79.349,0.845
2021,portugal,Tsunoda,25,13,79.429,0.925
2021,portugal,Alonso,22,12,79.669,1.165
2021,portugal,RÃ¤ikkÃ¶nen,25,14,79.681,1.177
2021,portugal,Vettel,23,10,79.694,1.190
2021,portugal,Schumacher,24,18,79.732,1.228
2021,portugal,Latifi,25,17,79.95,1.446
2021,portugal,Mazepin,25,19,80.27,1.766
2021,spain,Bottas,23,3,80.7,2.196
2021,spain,Verstappen,23,2,80.76599999999999,2.262
2021,spain,Hamilton,13,1,81.887,3.383
2021,spain,Norris,22,9,81.976,3.472
2021,spain,Sainz,32,6,72.606,0.119
2021,spain,Gasly,39,12,72.648,0.161
2021,spain,Vettel,37,13,72.929,0.442
2021,spain,Perez,34,8,72.995,0.508
2021,spain,Stroll,36,11,73.131,0.644
2021,spain,Tsunoda,31,15,73.236,0.749
2021,spain,Ocon,33,5,73.732,1.245
2021,spain,Giovinazzi,39,14,73.746,1.259
2021,spain,Ricciardo,31,7,74.081,1.594
2021,spain,Alonso,33,10,74.09,1.603
2021,spain,Latifi,27,17,74.106,1.619
2021,spain,Schumacher,37,16,74.205,1.718
2021,spain,Mazepin,41,18,74.268,1.781
2021,monaco,Perez,36,9,74.281,1.794
2021,monaco,Sainz,37,4,74.32,1.833
2021,monaco,Verstappen,33,2,74.616,2.129
2021,monaco,Gasly,35,6,74.801,2.314
2021,monaco,Hamilton,35,7,74.84,2.353
2021,monaco,Bottas,4,3,79.618,7.131
2021,monaco,Vettel,20,8,103.227,0.043
2021,monaco,Tsunoda,20,16,103.521,0.337
2021,monaco,RÃ¤ikkÃ¶nen,17,14,103.63,0.446
2021,monaco,Stroll,25,13,103.732,0.548
2021,monaco,Giovinazzi,23,10,103.757,0.573
2021,monaco,Alonso,20,17,103.893,0.709
2021,monaco,Latifi,20,18,103.99600000000001,0.812
2021,monaco,Ricciardo,25,12,104.777,1.593
2021,monaco,Ocon,20,11,104.89099999999999,1.707
2021,monaco,Mazepin,18,19,104.943,1.759
2021,monaco,Schumacher,20,20,105.092,1.908
2021,monaco,Russell,23,15,105.23400000000001,2.050
2021,monaco,Leclerc,25,1,105.384,2.200
2021,azerbaijan,Verstappen,24,3,105.41499999999999,2.231
2021,azerbaijan,Leclerc,23,1,105.446,2.262
2021,azerbaijan,Sainz,24,5,105.452,2.268
2021,azerbaijan,Perez,22,6,105.774,2.590
2021,azerbaijan,Ricciardo,20,13,106.899,3.715
2021,azerbaijan,Gasly,18,4,106.945,3.761
2021,azerbaijan,Norris,21,9,93.783,0.335
2021,azerbaijan,Alonso,23,8,93.88,0.432
2021,azerbaijan,Bottas,25,10,94.193,0.745
2021,azerbaijan,RÃ¤ikkÃ¶nen,25,14,94.32900000000001,0.881
2021,azerbaijan,Giovinazzi,24,20,94.644,1.196
2021,azerbaijan,Stroll,21,19,94.693,1.245
2021,azerbaijan,Tsunoda,20,7,94.699,1.251
2021,azerbaijan,Vettel,21,11,94.707,1.259
2021,azerbaijan,Ocon,22,12,94.84700000000001,1.399
2021,azerbaijan,Russell,24,15,94.95,1.502
2021,azerbaijan,Latifi,23,16,95.116,1.668
2021,azerbaijan,Schumacher,20,17,95.13499999999999,1.687
2021,azerbaijan,Mazepin,23,18,95.275,1.827
2021,france,Bottas,16,3,95.289,1.841
2021,france,Hamilton,24,2,95.342,1.894
2021,france,Verstappen,22,1,95.612,2.164
2021,france,Perez,24,4,96.65100000000001,3.203
2021,france,Ocon,14,11,97.32900000000001,3.881
2021,france,Ricciardo,16,10,97.881,4.433
2021,france,Gasly,26,6,77.616,0.061
2021,france,Norris,25,8,77.72200000000001,0.167
2021,france,Leclerc,24,7,78.115,0.560
2021,france,Giovinazzi,27,13,78.181,0.626
2021,france,RÃ¤ikkÃ¶nen,26,16,78.385,0.830
2021,france,Stroll,23,18,78.39099999999999,0.836
2021,france,Vettel,20,12,78.46600000000001,0.911
2021,france,Sainz,26,5,78.649,1.094
2021,france,Latifi,25,15,78.755,1.200
2021,france,Mazepin,26,17,78.765,1.210
2021,france,Schumacher,18,14,78.77,1.215
2021,hungary,Verstappen,22,3,78.989,1.434
2021,hungary,Bottas,27,2,79.265,1.710
2021,hungary,Hamilton,24,1,79.724,2.169
2021,hungary,Sainz,24,14,79.824,2.269
2021,hungary,Gasly,26,5,80.383,2.828
2021,hungary,Alonso,23,9,80.639,3.084
2021,hungary,Leclerc,23,7,80.992,3.437
2021,hungary,Perez,5,4,81.889,4.334
2021,hungary,Stroll,14,12,105.363,0.164
2021,hungary,Ocon,20,8,105.699,0.500
2021,hungary,Tsunoda,19,15,105.818,0.619
2021,hungary,Vettel,20,10,105.935,0.736
2021,hungary,Ricciardo,17,11,106.12700000000001,0.928
2021,hungary,Russell,19,16,106.17699999999999,0.978
2021,hungary,Latifi,17,17,106.336,1.137
2021,hungary,Schumacher,16,19,106.497,1.298
2021,hungary,Mazepin,16,18,106.612,1.413
2021,hungary,Giovinazzi,19,13,106.649,1.450
2021,belgium,Bottas,20,13,106.68299999999999,1.484
2021,belgium,Verstappen,17,1,106.755,1.556
2021,belgium,Gasly,19,6,106.77199999999999,1.573
2021,belgium,Leclerc,19,9,106.928,1.729
2021,belgium,Sainz,20,11,107.101,1.902
2021,belgium,Perez,15,7,108.125,2.926
2021,belgium,Vettel,17,5,108.22399999999999,3.025
2021,belgium,Norris,16,15,108.705,3.506
2021,belgium,Ocon,15,8,109.059,3.860
2021,belgium,Stroll,18,19,71.597,0.097
2021,belgium,Ricciardo,19,4,71.601,0.101
2021,belgium,Giovinazzi,18,14,71.623,0.123
2021,belgium,Russell,18,2,71.738,0.238
2021,belgium,Tsunoda,18,16,72.158,0.658
2021,belgium,Latifi,17,10,72.231,0.731
2021,belgium,RÃ¤ikkÃ¶nen,18,20,72.359,0.859
2021,belgium,Hamilton,18,3,72.431,0.931
2021,belgium,Mazepin,19,18,72.515,1.015
2021,belgium,Schumacher,18,17,72.679,1.179
2021,netherlands,Hamilton,16,2,72.907,1.407
2021,netherlands,Verstappen,20,1,73.053,1.553
2021,netherlands,Sainz,18,6,73.081,1.581
2021,netherlands,Leclerc,15,5,73.181,1.681
2021,netherlands,Bottas,18,3,73.328,1.828
2021,netherlands,Alonso,14,9,73.516,2.016
2021,netherlands,Ocon,17,8,73.847,2.347
2021,netherlands,Giovinazzi,6,7,75.984,4.484
2021,netherlands,Norris,23,13,94.638,0.211
2021,netherlands,Ricciardo,13,10,94.654,0.227
2021,netherlands,Russell,22,11,95.11699999999999,0.690
2021,netherlands,Mazepin,23,17,95.781,1.354
2021,netherlands,Schumacher,24,16,95.794,1.367
2021,netherlands,Vettel,25,15,95.811,1.384
2021,netherlands,Tsunoda,24,14,95.959,1.532
2021,russia,Bottas,22,16,96.188,1.761
2021,russia,Hamilton,21,4,96.225,1.798
2021,russia,Verstappen,25,20,96.23599999999999,1.809
2021,russia,Leclerc,21,19,96.52199999999999,2.095
2021,russia,Vettel,23,10,96.795,2.368
2021,russia,Gasly,23,11,96.87700000000001,2.450
2021,russia,Sainz,20,2,96.952,2.525
2021,russia,Norris,26,1,97.794,3.367
2021,russia,Perez,23,8,98.013,3.586
2021,russia,Alonso,21,6,98.155,3.728
2021,russia,Ocon,22,9,98.586,4.159
2021,russia,Stroll,23,7,98.977,4.550
2021,russia,Ricciardo,24,5,84.60300000000001,0.425
2021,russia,RÃ¤ikkÃ¶nen,27,13,84.654,0.476
2021,russia,Tsunoda,28,12,84.842,0.664
2021,russia,Russell,25,3,84.86,0.682
2021,russia,Latifi,30,18,84.90899999999999,0.731
2021,russia,Mazepin,26,15,85.34700000000001,1.169
2021,russia,Schumacher,30,14,85.382,1.204
2021,turkey,Hamilton,26,11,85.383,1.205
2021,turkey,Verstappen,24,2,85.459,1.281
2021,turkey,Leclerc,25,3,85.685,1.507
2021,turkey,Bottas,26,1,85.75,1.572
2021,turkey,Sainz,26,19,85.81,1.632
2021,turkey,Ocon,24,12,85.813,1.635
2021,turkey,Norris,28,7,85.863,1.685
2021,turkey,Gasly,24,4,85.93299999999999,1.755
2021,turkey,Alonso,29,5,86.361,2.183
2021,turkey,Perez,28,6,86.424,2.246
2021,turkey,Russell,25,13,86.636,2.458
2021,turkey,Ricciardo,28,20,87.019,2.841
2021,turkey,Giovinazzi,18,16,94.919,0.045
2021,turkey,Latifi,16,15,95.806,0.932
2021,turkey,RÃ¤ikkÃ¶nen,18,17,96.334,1.460
2021,turkey,Stroll,20,8,96.50800000000001,1.634
2021,turkey,Tsunoda,18,9,96.61099999999999,1.737
2021,turkey,Schumacher,20,14,96.798,1.924
2021,turkey,Mazepin,11,18,96.85499999999999,1.981
2021,united-states,Bottas,18,9,96.874,2.000
2021,united-states,Hamilton,18,2,96.876,2.002
2021,united-states,Verstappen,19,1,96.96600000000001,2.092
2021,united-states,Leclerc,22,4,96.97,2.096
2021,united-states,Sainz,20,5,96.97200000000001,2.098
2021,united-states,Gasly,20,8,96.982,2.108
2021,united-states,Perez,12,3,97.068,2.194
2021,united-states,Norris,18,7,97.458,2.584
2021,united-states,Giovinazzi,19,12,97.463,2.589
2021,united-states,RÃ¤ikkÃ¶nen,22,15,97.95400000000001,3.080
2021,united-states,Russell,17,20,98.866,3.992
2021,united-states,Ocon,19,11,102.239,7.365
2021,united-states,Vettel,24,18,78.417,0.076
2021,united-states,Alonso,28,19,78.464,0.123
2021,united-states,Ricciardo,20,6,78.61,0.269
2021,united-states,Latifi,23,14,78.985,0.644
2021,united-states,Tsunoda,26,10,79.463,1.122
2021,united-states,Schumacher,26,16,79.656,1.315
2021,united-states,Mazepin,20,17,79.667,1.326
2021,mexico,Bottas,20,1,79.759,1.418
2021,mexico,Hamilton,27,2,79.858,1.517
2021,mexico,Verstappen,30,3,80.011,1.670
2021,mexico,Perez,26,4,80.026,1.685
2021,mexico,Gasly,27,5,80.03,1.689
2021,mexico,Sainz,25,6,80.273,1.932
2021,mexico,Alonso,26,12,80.301,1.960
2021,mexico,Leclerc,27,8,80.344,2.003
2021,mexico,Ocon,23,19,80.517,2.176
2021,mexico,Vettel,23,9,81.58,3.239
2021,mexico,Tsunoda,27,17,82.144,3.803
2021,mexico,RÃ¤ikkÃ¶nen,24,10,82.819,4.478
2021,mexico,Ricciardo,28,7,84.16,0.437
2021,mexico,Norris,24,18,84.194,0.471
2021,mexico,Giovinazzi,21,11,84.509,0.786
2021,mexico,Russell,27,16,84.648,0.925
2021,mexico,Latifi,26,13,84.713,0.990
2021,mexico,Schumacher,27,14,84.78999999999999,1.067
2021,mexico,Mazepin,22,15,84.91499999999999,1.192
2021,qatar,Verstappen,23,7,84.97200000000001,1.249
2021,qatar,Gasly,19,2,85.215,1.492
2021,qatar,Bottas,24,6,85.291,1.568
2021,qatar,Hamilton,19,1,85.328,1.605
2021,qatar,Tsunoda,24,8,85.688,1.965
2021,qatar,Sainz,23,5,85.757,2.034
2021,qatar,Leclerc,25,13,85.828,2.105
2021,qatar,Perez,24,11,85.871,2.148
2021,qatar,Ocon,21,9,85.905,2.182
2021,qatar,Norris,21,4,86.699,2.976
2021,qatar,Ricciardo,11,14,86.712,2.989
2021,qatar,Vettel,16,10,87.5,3.777
2021,qatar,Giovinazzi,23,18,89.842,0.056
2021,qatar,RÃ¤ikkÃ¶nen,24,16,90.009,0.223
2021,qatar,Russell,28,15,90.263,0.477
2021,qatar,Alonso,27,3,90.318,0.532
2021,qatar,Schumacher,26,19,90.564,0.778
2021,qatar,Stroll,26,12,90.6,0.814
2021,qatar,Mazepin,25,20,90.608,0.822
2021,saudi-arabia,Hamilton,27,1,90.842,1.056
2021,saudi-arabia,Verstappen,25,3,90.886,1.100
2021,saudi-arabia,Bottas,27,2,90.96000000000001,1.174
2021,saudi-arabia,Gasly,29,6,91.023,1.237
2021,saudi-arabia,Giovinazzi,23,10,91.029,1.243
2021,saudi-arabia,Sainz,25,15,91.044,1.258
2021,saudi-arabia,Leclerc,26,4,91.099,1.313
2021,saudi-arabia,Ricciardo,26,11,91.29599999999999,1.510
2021,saudi-arabia,Alonso,28,13,91.343,1.557
2021,saudi-arabia,Vettel,24,17,91.525,1.739
2021,saudi-arabia,Perez,27,5,91.821,2.035
2021,saudi-arabia,Ocon,23,9,93.464,3.678
2021,saudi-arabia,Stroll,27,18,85.205,0.196
2021,saudi-arabia,Tsunoda,25,8,85.355,0.346
2021,saudi-arabia,RÃ¤ikkÃ¶nen,24,12,85.363,0.354
2021,saudi-arabia,Russell,23,14,85.378,0.369
2021,saudi-arabia,Schumacher,26,19,85.625,0.616
2021,saudi-arabia,Latifi,28,16,85.822,0.813
2021,saudi-arabia,Mazepin,20,20,85.846,0.837
2021,abu-dhabi,Verstappen,26,1,85.886,0.877
2021,abu-dhabi,Bottas,26,6,86.007,0.998
2021,abu-dhabi,Hamilton,25,2,86.025,1.016
2021,abu-dhabi,Perez,26,4,86.123,1.114
2021,abu-dhabi,Tsunoda,25,8,86.189,1.180
2021,abu-dhabi,Alonso,25,11,86.40899999999999,1.400
2021,abu-dhabi,Gasly,26,12,86.608,1.599
2021,abu-dhabi,Leclerc,29,7,86.676,1.667
2021,abu-dhabi,Sainz,27,5,87.481,2.472
2021,abu-dhabi,Vettel,27,15,87.487,2.478
2021,abu-dhabi,Ocon,24,9,87.69800000000001,2.689
2021,abu-dhabi,Norris,22,3,88.305,3.296
2021,abu-dhabi,Giovinazzi,37,14,76.089,0.086
2021,abu-dhabi,Stroll,20,13,76.53,0.527
2021,abu-dhabi,Ricciardo,35,10,76.967,0.964
2021,abu-dhabi,Latifi,28,16,77.2,1.197
2021,abu-dhabi,Schumacher,26,18,77.238,1.235
2020,hungary,Hamilton,29,1,77.404,1.401
2020,hungary,Bottas,28,2,77.435,1.432
2020,hungary,Perez,26,4,77.523,1.520
2020,hungary,Stroll,35,3,77.615,1.612
2020,hungary,Ricciardo,32,10,77.675,1.672
2020,hungary,Vettel,35,5,77.713,1.710
2020,hungary,Leclerc,28,6,77.727,1.724
2020,hungary,Verstappen,35,7,77.89,1.887
2020,hungary,Norris,31,8,77.969,1.966
2020,hungary,Ocon,35,13,78.292,2.289
2020,hungary,Sainz,30,9,78.425,2.422
2020,hungary,Magnussen,29,15,78.574,2.571
2020,hungary,Albon,26,12,79.15,3.147
2020,hungary,Latifi,29,14,76.824,0.039
2020,hungary,Kvyat,26,16,77.724,0.939
2020,hungary,Giovinazzi,27,18,77.97,1.185
2020,hungary,Russell,27,11,77.981,1.196
2020,spain,Bottas,29,2,78.291,1.506
2020,spain,Hamilton,31,1,78.471,1.686
2020,spain,Verstappen,27,3,78.606,1.821
2020,spain,Leclerc,28,9,78.62,1.835
2020,spain,Vettel,31,11,78.643,1.858
2020,spain,Grosjean,33,17,78.733,1.948
2020,spain,Perez,31,4,78.736,1.951
2020,spain,Albon,32,6,78.744,1.959
2020,spain,Magnussen,26,16,78.888,2.103
2020,spain,Stroll,24,5,78.917,2.132
2020,spain,Sainz,24,7,78.981,2.196
2020,spain,Ocon,21,15,79.145,2.360
2020,spain,Norris,31,8,79.23,2.445
2020,spain,Gasly,30,10,80.334,3.549
2020,spain,Giovinazzi,25,19,80.664,3.879
2020,spain,Kvyat,17,12,104.562,0.069
2020,spain,Ricciardo,20,13,104.574,0.081
2020,spain,Latifi,22,18,104.62899999999999,0.136
2020,belgium,Bottas,22,2,104.868,0.375
2020,belgium,Hamilton,22,1,105.049,0.556
2020,belgium,Verstappen,20,3,105.09899999999999,0.606
2020,belgium,Perez,24,8,105.22200000000001,0.729
2020,belgium,Stroll,21,9,105.225,0.732
2020,belgium,Albon,28,5,105.274,0.781
2020,belgium,Ocon,25,6,105.447,0.954
2020,belgium,Sainz,17,7,105.503,1.010
2020,belgium,Ricciardo,19,4,105.70400000000001,1.211
2020,belgium,Norris,18,10,105.759,1.266
2020,belgium,Kvyat,15,11,106.179,1.686
2020,belgium,Gasly,19,12,106.488,1.995
2020,belgium,RÃ¤ikkÃ¶nen,21,16,106.57,2.077
2020,belgium,Magnussen,22,20,95.43,0.507
2020,belgium,Grosjean,22,17,95.577,0.654
2020,belgium,Giovinazzi,23,18,95.79599999999999,0.873
2020,russia,Bottas,21,3,95.965,1.042
2020,russia,Ricciardo,23,5,96.061,1.138
2020,russia,Verstappen,22,2,96.22999999999999,1.307
2020,russia,Perez,24,4,96.25399999999999,1.331
2020,russia,Stroll,23,12,96.32300000000001,1.400
2020,russia,Ocon,25,7,96.706,1.783
2020,russia,Kvyat,23,11,96.896,1.973
2020,russia,Albon,8,15,96.97,2.047
2020,russia,Vettel,28,14,97.11,2.187
2020,russia,Gasly,17,9,97.201,2.278
2020,russia,Leclerc,23,10,97.22999999999999,2.307
2020,russia,Sainz,22,6,97.43,2.507
2020,russia,Norris,24,8,97.595,2.672
2020,russia,Giovinazzi,24,17,97.649,2.726
2020,russia,RÃ¤ikkÃ¶nen,18,19,97.71600000000001,2.793
2020,russia,Magnussen,11,18,97.78399999999999,2.861
2020,russia,Russell,1:25.269,13,86.57300000000001,:25.971
2020,russia,Grosjean,1:25.525,16,"
Lewis
Hamilton
HAM
",:26.620
2020,russia,Hamilton,1:25.562,1,85.525,"Max
Vertappen
VER
"
2020,russia,Latifi,1:26.035,20,85.467,:25.562
2020,germany,Bottas,1:26.047,1,86.857,:26.240
2020,germany,Hamilton,1:26.223,2,"
Alexander
Albon
ALB
",:27.126
2020,germany,Verstappen,1:26.242,3,86.047,"Daniel
Ricciardo
RIC
"
2020,germany,Leclerc,1:26.458,4,86.096,:26.223
2020,germany,Albon,1:26.704,5,87.086,:26.364
2020,germany,Ricciardo,1:26.709,6,"
Lando
Norris
NOR
",:26.829
2020,germany,Latifi,35,18,78.749,0.339
2020,germany,RÃ¤ikkÃ¶nen,32,19,79.191,0.781
2020,germany,Hulkenberg,33,20,79.309,0.899
2020,portugal,Bottas,34,2,79.365,0.955
2020,portugal,Hamilton,42,1,79.441,1.031
2020,portugal,Verstappen,31,3,79.907,1.497
2020,portugal,Leclerc,35,4,79.95400000000001,1.544
2020,portugal,Albon,27,6,80.05799999999999,1.648
2020,portugal,Sainz,29,7,80.124,1.714
2020,portugal,Perez,37,5,80.2,1.790
2020,portugal,RÃ¤ikkÃ¶nen,29,16,80.207,1.797
2020,portugal,Ricciardo,32,10,80.27799999999999,1.868
2020,portugal,Gasly,28,9,80.846,2.436
2020,portugal,Vettel,32,15,80.95400000000001,2.544
2020,portugal,Norris,35,8,81.009,2.599
2020,portugal,Kvyat,31,13,81.169,2.759
2020,portugal,Magnussen,31,19,81.374,2.964
2020,portugal,Stroll,31,12,81.673,3.263
2020,portugal,Giovinazzi,34,17,82.054,3.644
2020,portugal,Russell,27,14,95.318,0.241
2020,portugal,Ocon,26,11,95.507,0.430
2020,portugal,Latifi,26,20,95.543,0.466
2020,turkey,Verstappen,29,2,95.62,0.543
2020,turkey,Albon,27,4,96.738,1.661
2020,turkey,Leclerc,21,12,97.21600000000001,2.139
2020,turkey,Gasly,21,19,97.503,2.426
2020,turkey,Vettel,23,11,97.62899999999999,2.552
2020,turkey,Kvyat,23,16,98.428,3.351
2020,turkey,Norris,18,14,98.50800000000001,3.431
2020,turkey,Giovinazzi,22,10,98.612,3.535
2020,turkey,Bottas,21,9,99.48400000000001,4.407
2020,turkey,Ocon,25,7,100.025,4.948
2020,turkey,Latifi,12,18,100.225,5.148
2020,turkey,Perez,23,3,101.035,5.958
2020,turkey,Stroll,21,1,101.854,6.777
2020,turkey,Grosjean,20,17,105.156,10.079
2020,turkey,Hamilton,12,6,106.462,11.385
2020,turkey,RÃ¤ikkÃ¶nen,17,8,109.256,14.179
2020,turkey,Ricciardo,41,5,89.482,0.449
2020,turkey,Sainz,31,15,90.0,0.967
2020,turkey,Russell,31,20,90.018,0.985
2020,bahrain,Hamilton,34,1,90.049,1.016
2020,bahrain,Bottas,18,2,90.294,1.261
2020,bahrain,Perez,34,5,90.30199999999999,1.269
2020,bahrain,Sainz,28,14,90.384,1.351
2020,bahrain,Gasly,30,8,90.426,1.393
2020,bahrain,Verstappen,30,3,90.508,1.475
2020,bahrain,Albon,29,4,90.589,1.556
2020,bahrain,Ocon,24,7,90.628,1.595
2020,bahrain,Stroll,24,13,90.732,1.699
2020,bahrain,Ricciardo,28,6,90.832,1.799
2020,bahrain,Leclerc,29,12,90.854,1.821
2020,bahrain,Vettel,27,11,90.896,1.863
2020,bahrain,Grosjean,37,17,91.02,1.987
2020,bahrain,Magnussen,27,16,91.392,2.359
2020,bahrain,Giovinazzi,29,15,92.47200000000001,3.439
2020,bahrain,Kvyat,27,10,92.801,3.768
2020,bahrain,Latifi,29,18,54.722,0.176
2020,bahrain,Russell,18,2,54.811,0.265
2020,bahrain,Verstappen,44,3,54.868,0.322
2020,bahrain,Albon,40,12,55.011,0.465
2020,bahrain,Bottas,37,1,55.166,0.620
2020,bahrain,Kvyat,49,6,55.273,0.727
2020,bahrain,Gasly,40,9,55.281,0.735
2020,bahrain,Ocon,39,11,55.379,0.833
2020,bahrain,Vettel,35,13,55.449,0.903
2020,bahrain,Ricciardo,41,7,55.558,1.012
2020,bahrain,Leclerc,33,4,55.716,1.170
2020,bahrain,Stroll,41,10,55.757,1.211
2020,bahrain,Perez,32,5,55.783,1.237
2020,bahrain,Sainz,35,8,55.858,1.312
2020,bahrain,RÃ¤ikkÃ¶nen,47,19,56.078,1.532
2020,bahrain,Giovinazzi,37,14,56.130,1.584
2020,bahrain,Norris,48,15,56.764,2.218
2020,bahrain,Magnussen,24,16,57.077,2.531
2020,bahrain,Latifi,33,17,57.187,2.641
2020,bahrain,Aitken,32,18,97.412,0.034
2020,abu-dhabi,Verstappen,34,1,98.515,1.137
2020,abu-dhabi,Bottas,25,2,98.547,1.169
2020,abu-dhabi,Ocon,24,10,98.744,1.366
2020,abu-dhabi,Albon,25,5,98.831,1.453
2020,abu-dhabi,Hamilton,25,3,98.956,1.578
2020,abu-dhabi,Stroll,27,8,99.15,1.772
2020,abu-dhabi,Perez,30,18,99.16,1.782
2020,abu-dhabi,Kvyat,22,7,99.199,1.821
2020,abu-dhabi,Gasly,27,9,99.33,1.952
2020,abu-dhabi,RÃ¤ikkÃ¶nen,25,14,99.344,1.966
2020,abu-dhabi,Sainz,28,6,99.352,1.974
2020,abu-dhabi,Leclerc,19,12,99.67,2.292
2020,abu-dhabi,Norris,19,4,99.905,2.527
2020,abu-dhabi,Vettel,24,13,100.446,3.068
2020,abu-dhabi,Russell,27,15,101.063,3.685
2020,abu-dhabi,Latifi,23,17,101.235,3.857
2020,abu-dhabi,Fittipaldi,24,16,104.069,6.691
